"","t","doEcdf","rfeVars","resample","model","vars","acc","kappa"
"1",1,TRUE,TRUE,1,"B1",11,0.347826086956522,0.136960600375234
"2",2,TRUE,TRUE,1,"B1",21,0.324324324324324,0.0877712031558186
"3",3,TRUE,TRUE,1,"B1",18,0.153846153846154,-0.0631970260223048
"4",1,FALSE,TRUE,1,"B1",11,0.260869565217391,0.0157331655129012
"5",2,FALSE,TRUE,1,"B1",21,0.216216216216216,-0.0122641509433962
"6",3,FALSE,TRUE,1,"B1",18,0.153846153846154,-0.0592592592592593
"7",1,TRUE,FALSE,1,"B1",49,0.282608695652174,0.0446821900566393
"8",2,TRUE,FALSE,1,"B1",49,0.189189189189189,-0.118951612903226
"9",3,TRUE,FALSE,1,"B1",49,0.230769230769231,0.0352504638218924
"10",1,FALSE,FALSE,1,"B1",49,0.347826086956522,0.0927021696252465
"11",2,FALSE,FALSE,1,"B1",49,0.297297297297297,0.0331658291457286
"12",3,FALSE,FALSE,1,"B1",49,0.269230769230769,0.0178926441351888
"13",1,TRUE,TRUE,2,"B1",11,0.304347826086957,0.0277410832232497
"14",2,TRUE,TRUE,2,"B1",21,0.27027027027027,0.00498007968127488
"15",3,TRUE,TRUE,2,"B1",18,0.423076923076923,0.19917864476386
"16",1,FALSE,TRUE,2,"B1",11,0.217391304347826,-0.0767230169050715
"17",2,FALSE,TRUE,2,"B1",21,0.135135135135135,-0.15625
"18",3,FALSE,TRUE,2,"B1",18,0.269230769230769,0.0139720558882235
"19",1,TRUE,FALSE,2,"B1",49,0.217391304347826,-0.0567964262922783
"20",2,TRUE,FALSE,2,"B1",49,0.216216216216216,-0.106185567010309
"21",3,TRUE,FALSE,2,"B1",49,0.230769230769231,-0.00775193798449613
"22",1,FALSE,FALSE,2,"B1",49,0.304347826086957,0.0238726790450929
"23",2,FALSE,FALSE,2,"B1",49,0.351351351351351,0.137864077669903
"24",3,FALSE,FALSE,2,"B1",49,0.307692307692308,0.0912621359223301
"25",1,TRUE,TRUE,3,"B1",11,0.239130434782609,-0.0502283105022831
"26",2,TRUE,TRUE,3,"B1",21,0.297297297297297,0.0829361296472831
"27",3,TRUE,TRUE,3,"B1",18,0.230769230769231,-0.0176125244618395
"28",1,FALSE,TRUE,3,"B1",11,0.282608695652174,0.0168393782383419
"29",2,FALSE,TRUE,3,"B1",21,0.297297297297297,0.0924528301886793
"30",3,FALSE,TRUE,3,"B1",18,0.384615384615385,0.190661478599222
"31",1,TRUE,FALSE,3,"B1",49,0.195652173913043,-0.0799492385786802
"32",2,TRUE,FALSE,3,"B1",49,0.0810810810810811,-0.223735408560311
"33",3,TRUE,FALSE,3,"B1",49,0.192307692307692,-0.0186567164179104
"34",1,FALSE,FALSE,3,"B1",49,0.260869565217391,0.0345679012345679
"35",2,FALSE,FALSE,3,"B1",49,0.243243243243243,0.00671140939597314
"36",3,FALSE,FALSE,3,"B1",49,0.307692307692308,0.0947775628626693
"37",1,TRUE,TRUE,4,"B1",11,0.304347826086957,0.0874147551146932
"38",2,TRUE,TRUE,4,"B1",21,0.243243243243243,0.0308699719363891
"39",3,TRUE,TRUE,4,"B1",18,0.153846153846154,-0.172131147540984
"40",1,FALSE,TRUE,4,"B1",11,0.282608695652174,0.0045901639344262
"41",2,FALSE,TRUE,4,"B1",21,0.216216216216216,-0.0676616915422886
"42",3,FALSE,TRUE,4,"B1",18,0.230769230769231,-0.00775193798449613
"43",1,TRUE,FALSE,4,"B1",49,0.326086956521739,0.048064085447263
"44",2,TRUE,FALSE,4,"B1",49,0.27027027027027,0.0485714285714286
"45",3,TRUE,FALSE,4,"B1",49,0.346153846153846,0.116
"46",1,FALSE,FALSE,4,"B1",49,0.282608695652174,0.0193798449612403
"47",2,FALSE,FALSE,4,"B1",49,0.243243243243243,-0.00876338851022394
"48",3,FALSE,FALSE,4,"B1",49,0.153846153846154,-0.141716566866267
"49",1,TRUE,TRUE,5,"B1",11,0.304347826086957,0.0606253988513082
"50",2,TRUE,TRUE,5,"B1",21,0.297297297297297,0.0427860696517412
"51",3,TRUE,TRUE,5,"B1",18,0.269230769230769,0.0332681017612524
"52",1,FALSE,TRUE,5,"B1",11,0.260869565217391,-0.0142671854734111
"53",2,FALSE,TRUE,5,"B1",21,0.297297297297297,0.0243407707910751
"54",3,FALSE,TRUE,5,"B1",18,0.230769230769231,0.00763358778625951
"55",1,TRUE,FALSE,5,"B1",49,0.282608695652174,0.0434782608695652
"56",2,TRUE,FALSE,5,"B1",49,0.243243243243243,0.0504124656278643
"57",3,TRUE,FALSE,5,"B1",49,0.192307692307692,-0.0479846449136276
"58",1,FALSE,FALSE,5,"B1",49,0.239130434782609,-0.0704787234042553
"59",2,FALSE,FALSE,5,"B1",49,0.243243243243243,0.0281425891181989
"60",3,FALSE,FALSE,5,"B1",49,0.192307692307692,-0.0581395348837209
"61",1,TRUE,TRUE,6,"B1",11,0.282608695652174,-0.006631299734748
"62",2,TRUE,TRUE,6,"B1",21,0.324324324324324,0.12405303030303
"63",3,TRUE,TRUE,6,"B1",18,0.346153846153846,0.114228456913828
"64",1,FALSE,TRUE,6,"B1",11,0.304347826086957,0.0435347628330085
"65",2,FALSE,TRUE,6,"B1",21,0.297297297297297,0.0864197530864198
"66",3,FALSE,TRUE,6,"B1",18,0.153846153846154,-0.0853889943074004
"67",1,TRUE,FALSE,6,"B1",49,0.304347826086957,0.0360183366077276
"68",2,TRUE,FALSE,6,"B1",49,0.297297297297297,0.0213631739572736
"69",3,TRUE,FALSE,6,"B1",49,0.230769230769231,-0.00970873786407765
"70",1,FALSE,FALSE,6,"B1",49,0.304347826086957,0.0212765957446809
"71",2,FALSE,FALSE,6,"B1",49,0.243243243243243,-0.0539165818921669
"72",3,FALSE,FALSE,6,"B1",49,0.192307692307692,0.0162162162162162
"73",1,TRUE,TRUE,7,"B1",11,0.152173913043478,-0.149263292761051
"74",2,TRUE,TRUE,7,"B1",21,0.27027027027027,0.00299401197604795
"75",3,TRUE,TRUE,7,"B1",18,0.153846153846154,-0.141716566866267
"76",1,FALSE,TRUE,7,"B1",11,0.239130434782609,-0.00687929956222638
"77",2,FALSE,TRUE,7,"B1",21,0.162162162162162,-0.0739700374531835
"78",3,FALSE,TRUE,7,"B1",18,0.115384615384615,-0.081374321880651
"79",1,TRUE,FALSE,7,"B1",49,0.282608695652174,-0.0140280561122244
"80",2,TRUE,FALSE,7,"B1",49,0.324324324324324,0.0796019900497512
"81",3,TRUE,FALSE,7,"B1",49,0.0769230769230769,-0.100529100529101
"82",1,FALSE,FALSE,7,"B1",49,0.326086956521739,0.0728218465539662
"83",2,FALSE,FALSE,7,"B1",49,0.27027027027027,-0.0101112234580385
"84",3,FALSE,FALSE,7,"B1",49,0.307692307692308,0.128491620111732
"85",1,TRUE,TRUE,8,"B1",11,0.239130434782609,-0.0176991150442478
"86",2,TRUE,TRUE,8,"B1",21,0.405405405405405,0.174442190669371
"87",3,TRUE,TRUE,8,"B1",18,0.346153846153846,0.117764471057884
"88",1,FALSE,TRUE,8,"B1",11,0.173913043478261,-0.157615894039735
"89",2,FALSE,TRUE,8,"B1",21,0.351351351351351,0.11377245508982
"90",3,FALSE,TRUE,8,"B1",18,0.307692307692308,0.108571428571429
"91",1,TRUE,FALSE,8,"B1",49,0.239130434782609,0
"92",2,TRUE,FALSE,8,"B1",49,0.324324324324324,0.0551583248212462
"93",3,TRUE,FALSE,8,"B1",49,0.269230769230769,0.0608365019011406
"94",1,FALSE,FALSE,8,"B1",49,0.369565217391304,0.162586315128688
"95",2,FALSE,FALSE,8,"B1",49,0.189189189189189,-0.052132701421801
"96",3,FALSE,FALSE,8,"B1",49,0.307692307692308,0.0658682634730539
"97",1,TRUE,TRUE,9,"B1",11,0.0652173913043478,-0.217230769230769
"98",2,TRUE,TRUE,9,"B1",21,0.189189189189189,-0.0703953712632594
"99",3,TRUE,TRUE,9,"B1",18,0.307692307692308,0.110266159695817
"100",1,FALSE,TRUE,9,"B1",11,0.217391304347826,-0.0428211586901763
"101",2,FALSE,TRUE,9,"B1",21,0.243243243243243,-0.0206896551724138
"102",3,FALSE,TRUE,9,"B1",18,0.153846153846154,-0.0833333333333333
"103",1,TRUE,FALSE,9,"B1",49,0.239130434782609,-0.0300703774792066
"104",2,TRUE,FALSE,9,"B1",49,0.297297297297297,0.00824742268041232
"105",3,TRUE,FALSE,9,"B1",49,0.346153846153846,0.135029354207436
"106",1,FALSE,FALSE,9,"B1",49,0.239130434782609,-0.0287539936102236
"107",2,FALSE,FALSE,9,"B1",49,0.189189189189189,-0.0673076923076923
"108",3,FALSE,FALSE,9,"B1",49,0.192307692307692,0.0301953818827709
"109",1,TRUE,TRUE,10,"B1",11,0.195652173913043,-0.0945337620578778
"110",2,TRUE,TRUE,10,"B1",21,0.27027027027027,0.0366441658630665
"111",3,TRUE,TRUE,10,"B1",18,0.269230769230769,0.0389105058365759
"112",1,FALSE,TRUE,10,"B1",11,0.239130434782609,-0.0157728706624606
"113",2,FALSE,TRUE,10,"B1",21,0.243243243243243,-0.0146914789422135
"114",3,FALSE,TRUE,10,"B1",18,0.230769230769231,-0.01364522417154
"115",1,TRUE,FALSE,10,"B1",49,0.282608695652174,0.0380228136882129
"116",2,TRUE,FALSE,10,"B1",49,0.243243243243243,-0.0156862745098039
"117",3,TRUE,FALSE,10,"B1",49,0.307692307692308,0.0859375
"118",1,FALSE,FALSE,10,"B1",49,0.391304347826087,0.0727141828653709
"119",2,FALSE,FALSE,10,"B1",49,0.324324324324324,0.0796019900497512
"120",3,FALSE,FALSE,10,"B1",49,0.346153846153846,0.0961145194274028
"121",1,TRUE,TRUE,11,"B1",11,0.260869565217391,-0.0371352785145888
"122",2,TRUE,TRUE,11,"B1",21,0.243243243243243,-0.00193423597678917
"123",3,TRUE,TRUE,11,"B1",18,0.230769230769231,-0.0176125244618395
"124",1,FALSE,TRUE,11,"B1",11,0.260869565217391,0.011378002528445
"125",2,FALSE,TRUE,11,"B1",21,0.324324324324324,0.039460020768432
"126",3,FALSE,TRUE,11,"B1",18,0.192307692307692,-0.0419847328244275
"127",1,TRUE,FALSE,11,"B1",49,0.282608695652174,0.0577281191806331
"128",2,TRUE,FALSE,11,"B1",49,0.189189189189189,-0.115577889447236
"129",3,TRUE,FALSE,11,"B1",49,0.307692307692308,0.110266159695817
"130",1,FALSE,FALSE,11,"B1",49,0.260869565217391,0.00761421319796954
"131",2,FALSE,FALSE,11,"B1",49,0.216216216216216,-0.0773092369477912
"132",3,FALSE,FALSE,11,"B1",49,0.346153846153846,0.112449799196787
"133",1,TRUE,TRUE,12,"B1",11,0.326086956521739,0.0974683544303798
"134",2,TRUE,TRUE,12,"B1",21,0.135135135135135,-0.104477611940299
"135",3,TRUE,TRUE,12,"B1",18,0.346153846153846,0.0733752620545073
"136",1,FALSE,TRUE,12,"B1",11,0.260869565217391,0.0182046453232894
"137",2,FALSE,TRUE,12,"B1",21,0.243243243243243,-0.01171875
"138",3,FALSE,TRUE,12,"B1",18,0.307692307692308,0.0602409638554217
"139",1,TRUE,FALSE,12,"B1",49,0.304347826086957,0.0712933753943218
"140",2,TRUE,FALSE,12,"B1",49,0.243243243243243,-0.0298210735586481
"141",3,TRUE,FALSE,12,"B1",49,0.230769230769231,0.0114068441064639
"142",1,FALSE,FALSE,12,"B1",49,0.217391304347826,-0.00485436893203885
"143",2,FALSE,FALSE,12,"B1",49,0.216216216216216,-0.064484126984127
"144",3,FALSE,FALSE,12,"B1",49,0.153846153846154,-0.0853889943074004
"145",1,TRUE,TRUE,13,"B1",11,0.217391304347826,-0.0966887417218543
"146",2,TRUE,TRUE,13,"B1",21,0.189189189189189,-0.00271002710027101
"147",3,TRUE,TRUE,13,"B1",18,0.307692307692308,0.0677290836653386
"148",1,FALSE,TRUE,13,"B1",11,0.282608695652174,0.00197238658777114
"149",2,FALSE,TRUE,13,"B1",21,0.189189189189189,-0.0354477611940299
"150",3,FALSE,TRUE,13,"B1",18,0.230769230769231,-0.0317460317460318
"151",1,TRUE,FALSE,13,"B1",49,0.260869565217391,0.0572634116937915
"152",2,TRUE,FALSE,13,"B1",49,0.324324324324324,0.0993184031158715
"153",3,TRUE,FALSE,13,"B1",49,0.153846153846154,-0.137176938369781
"154",1,FALSE,FALSE,13,"B1",49,0.282608695652174,0.0470809792843691
"155",2,FALSE,FALSE,13,"B1",49,0.189189189189189,-0.133810010214505
"156",3,FALSE,FALSE,13,"B1",49,0.192307692307692,-0.0622568093385214
"157",1,TRUE,TRUE,14,"B1",11,0.239130434782609,-0.0254777070063694
"158",2,TRUE,TRUE,14,"B1",21,0.189189189189189,-0.0481586402266289
"159",3,TRUE,TRUE,14,"B1",18,0.230769230769231,0.00191938579654512
"160",1,FALSE,TRUE,14,"B1",11,0.282608695652174,0.0262989095574085
"161",2,FALSE,TRUE,14,"B1",21,0.189189189189189,-0.0412757973733583
"162",3,FALSE,TRUE,14,"B1",18,0.307692307692308,0.0695825049701789
"163",1,TRUE,FALSE,14,"B1",49,0.260869565217391,0.0285714285714285
"164",2,TRUE,FALSE,14,"B1",49,0.297297297297297,0.113364055299539
"165",3,TRUE,FALSE,14,"B1",49,0.192307692307692,-0.0380228136882129
"166",1,FALSE,FALSE,14,"B1",49,0.304347826086957,0.0270984798413748
"167",2,FALSE,FALSE,14,"B1",49,0.216216216216216,-0.0317307692307692
"168",3,FALSE,FALSE,14,"B1",49,0.269230769230769,0.0626185958254269
"169",1,TRUE,TRUE,15,"B1",11,0.260869565217391,-0.0129533678756477
"170",2,TRUE,TRUE,15,"B1",21,0.324324324324324,0.0703517587939698
"171",3,TRUE,TRUE,15,"B1",18,0.153846153846154,-0.0592592592592593
"172",1,FALSE,TRUE,15,"B1",11,0.282608695652174,0.0416666666666666
"173",2,FALSE,TRUE,15,"B1",21,0.297297297297297,0.0183673469387755
"174",3,FALSE,TRUE,15,"B1",18,0.230769230769231,-0.00775193798449613
"175",1,TRUE,FALSE,15,"B1",49,0.239130434782609,-0.0157728706624606
"176",2,TRUE,FALSE,15,"B1",49,0.243243243243243,0.00288739172281037
"177",3,TRUE,FALSE,15,"B1",49,0.230769230769231,-0.00970873786407765
"178",1,FALSE,FALSE,15,"B1",49,0.239130434782609,-0.00124378109452738
"179",2,FALSE,FALSE,15,"B1",49,0.189189189189189,-0.00543478260869567
"180",3,FALSE,FALSE,15,"B1",49,0.307692307692308,0.037037037037037
"181",1,TRUE,TRUE,1,"B2",11,0.282608695652174,0.0583126550868486
"182",2,TRUE,TRUE,1,"B2",21,0.378378378378378,0.148148148148148
"183",3,TRUE,TRUE,1,"B2",18,0.192307692307692,-0.0419847328244275
"184",1,FALSE,TRUE,1,"B2",11,0.304347826086957,0.0521571152607855
"185",2,FALSE,TRUE,1,"B2",21,0.216216216216216,-0.0666003976143141
"186",3,FALSE,TRUE,1,"B2",18,0.269230769230769,0.0834879406307977
"187",1,TRUE,FALSE,1,"B2",49,0.304347826086957,0.0453955901426719
"188",2,TRUE,FALSE,1,"B2",49,0.243243243243243,-0.00193423597678917
"189",3,TRUE,FALSE,1,"B2",49,0.269230769230769,0.037037037037037
"190",1,FALSE,FALSE,1,"B2",49,0.326086956521739,0.122461538461538
"191",2,FALSE,FALSE,1,"B2",49,0.189189189189189,-0.0703953712632594
"192",3,FALSE,FALSE,1,"B2",49,0.269230769230769,0.0608365019011406
"193",1,TRUE,TRUE,2,"B2",11,0.260869565217391,0.011378002528445
"194",2,TRUE,TRUE,2,"B2",21,0.27027027027027,0.0593220338983051
"195",3,TRUE,TRUE,2,"B2",18,0.192307692307692,-0.00738007380073801
"196",1,FALSE,TRUE,2,"B2",11,0.260869565217391,-0.0581867388362652
"197",2,FALSE,TRUE,2,"B2",21,0.27027027027027,0.0338491295938104
"198",3,FALSE,TRUE,2,"B2",18,0.0769230769230769,-0.245508982035928
"199",1,TRUE,FALSE,2,"B2",49,0.217391304347826,-0.064951768488746
"200",2,TRUE,FALSE,2,"B2",49,0.297297297297297,-0.0513661202185793
"201",3,TRUE,FALSE,2,"B2",49,0.307692307692308,0.0448979591836735
"202",1,FALSE,FALSE,2,"B2",49,0.239130434782609,-0.054354944335298
"203",2,FALSE,FALSE,2,"B2",49,0.324324324324324,0.110576923076923
"204",3,FALSE,FALSE,2,"B2",49,0.192307692307692,-0.06640625
"205",1,TRUE,TRUE,3,"B2",11,0.239130434782609,-0.0254777070063694
"206",2,TRUE,TRUE,3,"B2",21,0.216216216216216,-0.0509304603330069
"207",3,TRUE,TRUE,3,"B2",18,0.307692307692308,0.0732673267326733
"208",1,FALSE,TRUE,3,"B2",11,0.195652173913043,-0.0889315419065899
"209",2,FALSE,TRUE,3,"B2",21,0.189189189189189,-0.0202205882352941
"210",3,FALSE,TRUE,3,"B2",18,0.269230769230769,-0.0102249488752557
"211",1,TRUE,FALSE,3,"B2",49,0.260869565217391,-0.0398936170212766
"212",2,TRUE,FALSE,3,"B2",49,0.243243243243243,-0.0146914789422135
"213",3,TRUE,FALSE,3,"B2",49,0.115384615384615,-0.198396793587174
"214",1,FALSE,FALSE,3,"B2",49,0.304347826086957,0.0490956072351421
"215",2,FALSE,FALSE,3,"B2",49,0.216216216216216,-0.064484126984127
"216",3,FALSE,FALSE,3,"B2",49,0.307692307692308,0.15370705244123
"217",1,TRUE,TRUE,4,"B2",11,0.260869565217391,-0.0182291666666667
"218",2,TRUE,TRUE,4,"B2",21,0.27027027027027,-0.00909090909090908
"219",3,TRUE,TRUE,4,"B2",18,0.269230769230769,0.012
"220",1,FALSE,TRUE,4,"B2",11,0.260869565217391,0.00382165605095538
"221",2,FALSE,TRUE,4,"B2",21,0.351351351351351,0.110220440881764
"222",3,FALSE,TRUE,4,"B2",18,0.115384615384615,-0.13472485768501
"223",1,TRUE,FALSE,4,"B2",49,0.260869565217391,-0.0343915343915344
"224",2,TRUE,FALSE,4,"B2",49,0.216216216216216,-0.0287631831255993
"225",3,TRUE,FALSE,4,"B2",49,0.269230769230769,0.05
"226",1,FALSE,FALSE,4,"B2",49,0.326086956521739,0.0841361592806679
"227",2,FALSE,FALSE,4,"B2",49,0.27027027027027,0.0458452722063037
"228",3,FALSE,FALSE,4,"B2",49,0.153846153846154,-0.0916030534351145
"229",1,TRUE,TRUE,5,"B2",11,0.260869565217391,0.00887198986058303
"230",2,TRUE,TRUE,5,"B2",21,0.135135135135135,-0.173439048562934
"231",3,TRUE,TRUE,5,"B2",18,0.307692307692308,0.062124248496994
"232",1,FALSE,TRUE,5,"B2",11,0.239130434782609,-0.0241730279898219
"233",2,FALSE,TRUE,5,"B2",21,0.324324324324324,0.10541586073501
"234",3,FALSE,TRUE,5,"B2",18,0.269230769230769,-0.0164609053497943
"235",1,TRUE,FALSE,5,"B2",49,0.326086956521739,0.0864830237027546
"236",2,TRUE,FALSE,5,"B2",49,0.27027027027027,0.0300970873786408
"237",3,TRUE,FALSE,5,"B2",49,0.230769230769231,-0.04
"238",1,FALSE,FALSE,5,"B2",49,0.239130434782609,-0.013215859030837
"239",2,FALSE,FALSE,5,"B2",49,0.189189189189189,-0.0451977401129943
"240",3,FALSE,FALSE,5,"B2",49,0.384615384615385,0.171314741035857
"241",1,TRUE,TRUE,6,"B2",11,0.304347826086957,0.0466321243523316
"242",2,TRUE,TRUE,6,"B2",21,0.27027027027027,0.0282101167315175
"243",3,TRUE,TRUE,6,"B2",18,0.153846153846154,-0.04
"244",1,FALSE,TRUE,6,"B2",11,0.108695652173913,-0.209749839640795
"245",2,FALSE,TRUE,6,"B2",21,0.351351351351351,0.138700290979631
"246",3,FALSE,TRUE,6,"B2",18,0.153846153846154,-0.11284046692607
"247",1,TRUE,FALSE,6,"B2",49,0.260869565217391,0.0261519302615193
"248",2,TRUE,FALSE,6,"B2",49,0.216216216216216,-0.0377176015473888
"249",3,TRUE,FALSE,6,"B2",49,0.115384615384615,-0.0852994555353902
"250",1,FALSE,FALSE,6,"B2",49,0.326086956521739,0.0882352941176471
"251",2,FALSE,FALSE,6,"B2",49,0.162162162162162,-0.106075216972035
"252",3,FALSE,FALSE,6,"B2",49,0.230769230769231,-0.0590631364562118
"253",1,TRUE,TRUE,7,"B2",11,0.195652173913043,-0.111691704768125
"254",2,TRUE,TRUE,7,"B2",21,0.27027027027027,0.0244140625
"255",3,TRUE,TRUE,7,"B2",18,0.115384615384615,-0.200803212851406
"256",1,FALSE,TRUE,7,"B2",11,0.260869565217391,0.00635324015247775
"257",2,FALSE,TRUE,7,"B2",21,0.297297297297297,0.0642023346303502
"258",3,FALSE,TRUE,7,"B2",18,0.269230769230769,0.0426356589147286
"259",1,TRUE,FALSE,7,"B2",49,0.239130434782609,0.0116635972989564
"260",2,TRUE,FALSE,7,"B2",49,0.27027027027027,0.0366441658630665
"261",3,TRUE,FALSE,7,"B2",49,0.230769230769231,-0.01364522417154
"262",1,FALSE,FALSE,7,"B2",49,0.282608695652174,0.00589390962671904
"263",2,FALSE,FALSE,7,"B2",49,0.162162162162162,-0.0630213160333642
"264",3,FALSE,FALSE,7,"B2",49,0.346153846153846,0.133333333333333
"265",1,TRUE,TRUE,8,"B2",11,0.260869565217391,-0.0371352785145888
"266",2,TRUE,TRUE,8,"B2",21,0.378378378378378,0.0668859649122807
"267",3,TRUE,TRUE,8,"B2",18,0.115384615384615,-0.105360443622921
"268",1,FALSE,TRUE,8,"B2",11,0.173913043478261,-0.130659767141009
"269",2,FALSE,TRUE,8,"B2",21,0.27027027027027,-0.0162767039674466
"270",3,FALSE,TRUE,8,"B2",18,0.307692307692308,0.0894941634241245
"271",1,TRUE,FALSE,8,"B2",49,0.239130434782609,-0.0222222222222222
"272",2,TRUE,FALSE,8,"B2",49,0.297297297297297,0.0758885686839577
"273",3,TRUE,FALSE,8,"B2",49,0.461538461538462,0.212121212121212
"274",1,FALSE,FALSE,8,"B2",49,0.239130434782609,-0.0241730279898219
"275",2,FALSE,FALSE,8,"B2",49,0.243243243243243,-0.0216962524654832
"276",3,FALSE,FALSE,8,"B2",49,0.269230769230769,0.0159362549800796
"277",1,TRUE,TRUE,9,"B2",11,0.260869565217391,-0.0142671854734111
"278",2,TRUE,TRUE,9,"B2",21,0.162162162162162,-0.130049261083744
"279",3,TRUE,TRUE,9,"B2",18,0.115384615384615,-0.054673721340388
"280",1,FALSE,TRUE,9,"B2",11,0.195652173913043,-0.0340218712029162
"281",2,FALSE,TRUE,9,"B2",21,0.216216216216216,-0.064484126984127
"282",3,FALSE,TRUE,9,"B2",18,0.192307692307692,-0.144654088050314
"283",1,TRUE,FALSE,9,"B2",49,0.391304347826087,0.167958656330749
"284",2,TRUE,FALSE,9,"B2",49,0.459459459459459,0.265873015873016
"285",3,TRUE,FALSE,9,"B2",49,0.192307692307692,-0.0380228136882129
"286",1,FALSE,FALSE,9,"B2",49,0.195652173913043,-0.114603798297315
"287",2,FALSE,FALSE,9,"B2",49,0.189189189189189,-0.0797665369649805
"288",3,FALSE,FALSE,9,"B2",49,0.269230769230769,0.0139720558882235
"289",1,TRUE,TRUE,10,"B2",11,0.173913043478261,-0.0770178681454098
"290",2,TRUE,TRUE,10,"B2",21,0.243243243243243,-0.00484966052376335
"291",3,TRUE,TRUE,10,"B2",18,0.115384615384615,-0.161165048543689
"292",1,FALSE,TRUE,10,"B2",11,0.282608695652174,0.00589390962671904
"293",2,FALSE,TRUE,10,"B2",21,0.405405405405405,0.18436873747495
"294",3,FALSE,TRUE,10,"B2",18,0.230769230769231,0.0114068441064639
"295",1,TRUE,FALSE,10,"B2",49,0.217391304347826,-0.087327642810243
"296",2,TRUE,FALSE,10,"B2",49,0.162162162162162,-0.0659851301115242
"297",3,TRUE,FALSE,10,"B2",49,0.192307692307692,-0.0380228136882129
"298",1,FALSE,FALSE,10,"B2",49,0.347826086956522,0.105058365758755
"299",2,FALSE,FALSE,10,"B2",49,0.27027027027027,0.001998001998002
"300",3,FALSE,FALSE,10,"B2",49,0.307692307692308,0.0487804878048781
"301",1,TRUE,TRUE,11,"B2",11,0.304347826086957,0.0612244897959184
"302",2,TRUE,TRUE,11,"B2",21,0.324324324324324,0.0647118301314459
"303",3,TRUE,TRUE,11,"B2",18,0.153846153846154,-0.0476190476190476
"304",1,FALSE,TRUE,11,"B2",11,0.217391304347826,-0.0859016393442623
"305",2,FALSE,TRUE,11,"B2",21,0.459459459459459,0.149425287356322
"306",3,FALSE,TRUE,11,"B2",18,0.269230769230769,-0.0102249488752557
"307",1,TRUE,FALSE,11,"B2",49,0.260869565217391,-0.0116429495472187
"308",2,TRUE,FALSE,11,"B2",49,0.324324324324324,-0.00325379609544474
"309",3,TRUE,FALSE,11,"B2",49,0.346153846153846,0.138401559454191
"310",1,FALSE,FALSE,11,"B2",49,0.282608695652174,-0.027063599458728
"311",2,FALSE,FALSE,11,"B2",49,0.297297297297297,0.0723240115718418
"312",3,FALSE,FALSE,11,"B2",49,0.269230769230769,0.037037037037037
"313",1,TRUE,TRUE,12,"B2",11,0.282608695652174,0.0488721804511278
"314",2,TRUE,TRUE,12,"B2",21,0.297297297297297,0.037037037037037
"315",3,TRUE,TRUE,12,"B2",18,0.192307692307692,-0.012987012987013
"316",1,FALSE,TRUE,12,"B2",11,0.282608695652174,-0.0215343203230149
"317",2,FALSE,TRUE,12,"B2",21,0.216216216216216,-0.0571428571428572
"318",3,FALSE,TRUE,12,"B2",18,0.115384615384615,-0.191235059760956
"319",1,TRUE,FALSE,12,"B2",49,0.195652173913043,-0.116065573770492
"320",2,TRUE,FALSE,12,"B2",49,0.243243243243243,-0.0206896551724138
"321",3,TRUE,FALSE,12,"B2",49,0.269230769230769,0.0518234165067178
"322",1,FALSE,FALSE,12,"B2",49,0.260869565217391,0.0157331655129012
"323",2,FALSE,FALSE,12,"B2",49,0.216216216216216,-0.040737148399612
"324",3,FALSE,FALSE,12,"B2",49,0.0769230769230769,-0.130434782608696
"325",1,TRUE,TRUE,13,"B2",11,0.282608695652174,-0.000659195781147007
"326",2,TRUE,TRUE,13,"B2",21,0.243243243243243,0.0244821092278719
"327",3,TRUE,TRUE,13,"B2",18,0.346153846153846,0.0924024640657084
"328",1,FALSE,TRUE,13,"B2",11,0.239130434782609,-0.0407239819004525
"329",2,FALSE,TRUE,13,"B2",21,0.27027027027027,0.0485714285714286
"330",3,FALSE,TRUE,13,"B2",18,0.269230769230769,0.0332681017612524
"331",1,TRUE,FALSE,13,"B2",49,0.239130434782609,-0.0557377049180328
"332",2,TRUE,FALSE,13,"B2",49,0.351351351351351,0.122529644268775
"333",3,TRUE,FALSE,13,"B2",49,0.269230769230769,-0.0143737166324436
"334",1,FALSE,FALSE,13,"B2",49,0.260869565217391,0.0126262626262626
"335",2,FALSE,FALSE,13,"B2",49,0.297297297297297,0.0203665987780041
"336",3,FALSE,FALSE,13,"B2",49,0.115384615384615,-0.141221374045802
"337",1,TRUE,TRUE,14,"B2",11,0.347826086956522,0.128237523689198
"338",2,TRUE,TRUE,14,"B2",21,0.27027027027027,0.0366441658630665
"339",3,TRUE,TRUE,14,"B2",18,0.153846153846154,-0.0651769087523277
"340",1,FALSE,TRUE,14,"B2",11,0.304347826086957,0.0683544303797469
"341",2,FALSE,TRUE,14,"B2",21,0.27027027027027,-0.0162767039674466
"342",3,FALSE,TRUE,14,"B2",18,0.269230769230769,0.0178926441351888
"343",1,TRUE,FALSE,14,"B2",49,0.391304347826087,0.160365058670143
"344",2,TRUE,FALSE,14,"B2",49,0.297297297297297,0.0484668644906033
"345",3,TRUE,FALSE,14,"B2",49,0.153846153846154,-0.0651769087523277
"346",1,FALSE,FALSE,14,"B2",49,0.195652173913043,-0.0558312655086849
"347",2,FALSE,FALSE,14,"B2",49,0.297297297297297,0.0614634146341463
"348",3,FALSE,FALSE,14,"B2",49,0.192307692307692,-0.024390243902439
"349",1,TRUE,TRUE,15,"B2",11,0.304347826086957,0.0127431254191818
"350",2,TRUE,TRUE,15,"B2",21,0.189189189189189,-0.0766246362754607
"351",3,TRUE,TRUE,15,"B2",18,0.230769230769231,0.0114068441064639
"352",1,FALSE,TRUE,15,"B2",11,0.173913043478261,-0.0945522855353789
"353",2,FALSE,TRUE,15,"B2",21,0.243243243243243,-0.104477611940299
"354",3,FALSE,TRUE,15,"B2",18,0.269230769230769,0.0139720558882235
"355",1,TRUE,FALSE,15,"B2",49,0.326086956521739,0.0461538461538462
"356",2,TRUE,FALSE,15,"B2",49,0.27027027027027,0.0366441658630665
"357",3,TRUE,FALSE,15,"B2",49,0.230769230769231,0.0630630630630631
"358",1,FALSE,FALSE,15,"B2",49,0.217391304347826,-0.0494296577946768
"359",2,FALSE,FALSE,15,"B2",49,0.27027027027027,0.0654817586529467
"360",3,FALSE,FALSE,15,"B2",49,0.153846153846154,-0.119373776908024
"361",1,TRUE,TRUE,1,"B3",11,0.260869565217391,0.00887198986058303
"362",2,TRUE,TRUE,1,"B3",21,0.243243243243243,0.00956022944550672
"363",3,TRUE,TRUE,1,"B3",18,0.269230769230769,0.0800744878957169
"364",1,FALSE,TRUE,1,"B3",11,0.152173913043478,-0.0939024390243902
"365",2,FALSE,TRUE,1,"B3",21,0.432432432432432,0.200617283950617
"366",3,FALSE,TRUE,1,"B3",18,0.192307692307692,-0.094188376753507
"367",1,TRUE,FALSE,1,"B3",49,0.391304347826087,0.166882276843467
"368",2,TRUE,FALSE,1,"B3",49,0.297297297297297,0.038
"369",3,TRUE,FALSE,1,"B3",49,0.153846153846154,-0.036231884057971
"370",1,FALSE,FALSE,1,"B3",49,0.347826086956522,0.132620993086109
"371",2,FALSE,FALSE,1,"B3",49,0.243243243243243,-0.01171875
"372",3,FALSE,FALSE,1,"B3",49,0.230769230769231,-0.00775193798449613
"373",1,TRUE,TRUE,2,"B3",11,0.391304347826087,0.130904183535763
"374",2,TRUE,TRUE,2,"B3",21,0.27027027027027,0.0530805687203791
"375",3,TRUE,TRUE,2,"B3",18,0.230769230769231,0.0388170055452865
"376",1,FALSE,TRUE,2,"B3",11,0.217391304347826,-0.0534351145038168
"377",2,FALSE,TRUE,2,"B3",21,0.27027027027027,0.0234604105571848
"378",3,FALSE,TRUE,2,"B3",18,0.307692307692308,0.0894941634241245
"379",1,TRUE,FALSE,2,"B3",49,0.282608695652174,0.0142857142857143
"380",2,TRUE,FALSE,2,"B3",49,0.216216216216216,-0.0915564598168871
"381",3,TRUE,FALSE,2,"B3",49,0.307692307692308,0.0894941634241245
"382",1,FALSE,FALSE,2,"B3",49,0.195652173913043,-0.105194805194805
"383",2,FALSE,FALSE,2,"B3",49,0.216216216216216,-0.0103578154425612
"384",3,FALSE,FALSE,2,"B3",49,0.307692307692308,0.110266159695817
"385",1,TRUE,TRUE,3,"B3",11,0.239130434782609,-0.0340398201669878
"386",2,TRUE,TRUE,3,"B3",21,0.27027027027027,0.0394230769230769
"387",3,TRUE,TRUE,3,"B3",18,0.153846153846154,-0.0874524714828898
"388",1,FALSE,TRUE,3,"B3",11,0.326086956521739,0.0606060606060606
"389",2,FALSE,TRUE,3,"B3",21,0.27027027027027,0.0215475024485798
"390",3,FALSE,TRUE,3,"B3",18,0.0384615384615385,-0.20817843866171
"391",1,TRUE,FALSE,3,"B3",49,0.239130434782609,-0.0280970625798212
"392",2,TRUE,FALSE,3,"B3",49,0.27027027027027,0.0548722800378429
"393",3,TRUE,FALSE,3,"B3",49,0.230769230769231,-0.01364522417154
"394",1,FALSE,FALSE,3,"B3",49,0.326086956521739,0.0823680823680824
"395",2,FALSE,FALSE,3,"B3",49,0.162162162162162,-0.1201171875
"396",3,FALSE,FALSE,3,"B3",49,0.307692307692308,0.125233644859813
"397",1,TRUE,TRUE,4,"B3",11,0.152173913043478,-0.133291219204043
"398",2,TRUE,TRUE,4,"B3",21,0.297297297297297,0.0864197530864198
"399",3,TRUE,TRUE,4,"B3",18,0.346153846153846,0.114228456913828
"400",1,FALSE,TRUE,4,"B3",11,0.260869565217391,0.0261519302615193
"401",2,FALSE,TRUE,4,"B3",21,0.216216216216216,-0.0287631831255993
"402",3,FALSE,TRUE,4,"B3",18,0.230769230769231,-0.04
"403",1,TRUE,FALSE,4,"B3",49,0.369565217391304,0.173482032218092
"404",2,TRUE,FALSE,4,"B3",49,0.135135135135135,-0.072463768115942
"405",3,TRUE,FALSE,4,"B3",49,0.230769230769231,-0.0483870967741936
"406",1,FALSE,FALSE,4,"B3",49,0.282608695652174,-0.0026420079260238
"407",2,FALSE,FALSE,4,"B3",49,0.243243243243243,-0.0277777777777778
"408",3,FALSE,FALSE,4,"B3",49,0.153846153846154,-0.036231884057971
"409",1,TRUE,TRUE,5,"B3",11,0.217391304347826,-0.0541056651814131
"410",2,TRUE,TRUE,5,"B3",21,0.189189189189189,-0.0611854684512428
"411",3,TRUE,TRUE,5,"B3",18,0.230769230769231,0.00763358778625951
"412",1,FALSE,TRUE,5,"B3",11,0.347826086956522,0.065040650406504
"413",2,FALSE,TRUE,5,"B3",21,0.27027027027027,0.001998001998002
"414",3,FALSE,TRUE,5,"B3",18,0.192307692307692,-0.0111111111111111
"415",1,TRUE,FALSE,5,"B3",49,0.173913043478261,-0.107731305449937
"416",2,TRUE,FALSE,5,"B3",49,0.297297297297297,0.060546875
"417",3,TRUE,FALSE,5,"B3",49,0.192307692307692,-0.0167597765363128
"418",1,FALSE,FALSE,5,"B3",49,0.130434782608696,-0.218543046357616
"419",2,FALSE,FALSE,5,"B3",49,0.27027027027027,0.0338491295938104
"420",3,FALSE,FALSE,5,"B3",49,0.384615384615385,0.136929460580913
"421",1,TRUE,TRUE,6,"B3",11,0.326086956521739,0.0911408540471638
"422",2,TRUE,TRUE,6,"B3",21,0.243243243243243,-0.00778210116731516
"423",3,TRUE,TRUE,6,"B3",18,0.269230769230769,0.0817843866171003
"424",1,FALSE,TRUE,6,"B3",11,0.195652173913043,-0.0840764331210191
"425",2,FALSE,TRUE,6,"B3",21,0.243243243243243,0.0538812785388128
"426",3,FALSE,TRUE,6,"B3",18,0.192307692307692,-0.0360531309297913
"427",1,TRUE,FALSE,6,"B3",49,0.217391304347826,-0.138144329896907
"428",2,TRUE,FALSE,6,"B3",49,0.189189189189189,-0.0935960591133005
"429",3,TRUE,FALSE,6,"B3",49,0.269230769230769,0.0766355140186916
"430",1,FALSE,FALSE,6,"B3",49,0.239130434782609,-0.0327132777421424
"431",2,FALSE,FALSE,6,"B3",49,0.216216216216216,-0.0189933523266856
"432",3,FALSE,FALSE,6,"B3",49,0.269230769230769,-0.0122950819672132
"433",1,TRUE,TRUE,7,"B3",11,0.217391304347826,-0.0467762326169406
"434",2,TRUE,TRUE,7,"B3",21,0.216216216216216,-0.041747572815534
"435",3,TRUE,TRUE,7,"B3",18,0.307692307692308,-0.0469798657718121
"436",1,FALSE,TRUE,7,"B3",11,0.217391304347826,-0.0324189526184539
"437",2,FALSE,TRUE,7,"B3",21,0.27027027027027,0.0394230769230769
"438",3,FALSE,TRUE,7,"B3",18,0.230769230769231,-0.0058027079303675
"439",1,TRUE,FALSE,7,"B3",49,0.282608695652174,0.02504816955684
"440",2,TRUE,FALSE,7,"B3",49,0.324324324324324,0.101941747572816
"441",3,TRUE,FALSE,7,"B3",49,0.192307692307692,-0.123456790123457
"442",1,FALSE,FALSE,7,"B3",49,0.326086956521739,0.0397306397306397
"443",2,FALSE,FALSE,7,"B3",49,0.324324324324324,0.0940254652301665
"444",3,FALSE,FALSE,7,"B3",49,0.346153846153846,0.0474137931034483
"445",1,TRUE,TRUE,8,"B3",11,0.217391304347826,-0.0683870967741936
"446",2,TRUE,TRUE,8,"B3",21,0.27027027027027,-0.040625
"447",3,TRUE,TRUE,8,"B3",18,0.307692307692308,0.116981132075472
"448",1,FALSE,TRUE,8,"B3",11,0.239130434782609,0
"449",2,FALSE,TRUE,8,"B3",21,0.324324324324324,0.0940254652301665
"450",3,FALSE,TRUE,8,"B3",18,0.307692307692308,0.0947775628626693
"451",1,TRUE,FALSE,8,"B3",49,0.217391304347826,-0.0072992700729927
"452",2,TRUE,FALSE,8,"B3",49,0.162162162162162,-0.0699626865671642
"453",3,TRUE,FALSE,8,"B3",49,0.230769230769231,0.0114068441064639
"454",1,FALSE,FALSE,8,"B3",49,0.347826086956522,0.0567327409432672
"455",2,FALSE,FALSE,8,"B3",49,0.189189189189189,-0.122345803842265
"456",3,FALSE,FALSE,8,"B3",49,0.307692307692308,0.0468431771894094
"457",1,TRUE,TRUE,9,"B3",11,0.173913043478261,-0.0783466995681678
"458",2,TRUE,TRUE,9,"B3",21,0.189189189189189,-0.0393258426966292
"459",3,TRUE,TRUE,9,"B3",18,0.230769230769231,0.0151515151515152
"460",1,FALSE,TRUE,9,"B3",11,0.217391304347826,-0.0285714285714286
"461",2,FALSE,TRUE,9,"B3",21,0.189189189189189,-0.0979228486646885
"462",3,FALSE,TRUE,9,"B3",18,0.192307692307692,-0.094188376753507
"463",1,TRUE,FALSE,9,"B3",49,0.260869565217391,0.0188205771643664
"464",2,TRUE,FALSE,9,"B3",49,0.297297297297297,0.0302419354838709
"465",3,TRUE,FALSE,9,"B3",49,0.230769230769231,0.0812720848056537
"466",1,FALSE,FALSE,9,"B3",49,0.239130434782609,0.0206812652068127
"467",2,FALSE,FALSE,9,"B3",49,0.243243243243243,0.00384615384615386
"468",3,FALSE,FALSE,9,"B3",49,0.269230769230769,0.03515625
"469",1,TRUE,TRUE,10,"B3",11,0.282608695652174,0.0168393782383419
"470",2,TRUE,TRUE,10,"B3",21,0.27027027027027,0.0767097966728281
"471",3,TRUE,TRUE,10,"B3",18,0.230769230769231,0.0114068441064639
"472",1,FALSE,TRUE,10,"B3",11,0.195652173913043,-0.0931278098908157
"473",2,FALSE,TRUE,10,"B3",21,0.189189189189189,-0.0829268292682927
"474",3,FALSE,TRUE,10,"B3",18,0.192307692307692,-0.0581395348837209
"475",1,TRUE,FALSE,10,"B3",49,0.239130434782609,-0.0454545454545454
"476",2,TRUE,FALSE,10,"B3",49,0.351351351351351,0.0929519918283963
"477",3,TRUE,FALSE,10,"B3",49,0.192307692307692,-0.0833333333333333
"478",1,FALSE,FALSE,10,"B3",49,0.282608695652174,0.0704225352112676
"479",2,FALSE,FALSE,10,"B3",49,0.216216216216216,-0.0550639134709931
"480",3,FALSE,FALSE,10,"B3",49,0.115384615384615,-0.081374321880651
"481",1,TRUE,TRUE,11,"B3",11,0.260869565217391,-0.00708306503541539
"482",2,TRUE,TRUE,11,"B3",21,0.243243243243243,0.0161443494776828
"483",3,TRUE,TRUE,11,"B3",18,0.115384615384615,-0.105360443622921
"484",1,FALSE,TRUE,11,"B3",11,0.239130434782609,-0.013215859030837
"485",2,FALSE,TRUE,11,"B3",21,0.432432432432432,0.195652173913043
"486",3,FALSE,TRUE,11,"B3",18,0.153846153846154,-0.0874524714828898
"487",1,TRUE,FALSE,11,"B3",49,0.152173913043478,-0.147792706333973
"488",2,TRUE,FALSE,11,"B3",49,0.189189189189189,-0.152647975077882
"489",3,TRUE,FALSE,11,"B3",49,0.230769230769231,0.0510948905109489
"490",1,FALSE,FALSE,11,"B3",49,0.195652173913043,-0.0765338393421885
"491",2,FALSE,FALSE,11,"B3",49,0.243243243243243,0.00480307396733908
"492",3,FALSE,FALSE,11,"B3",49,0.307692307692308,0.113636363636364
"493",1,TRUE,TRUE,12,"B3",11,0.152173913043478,-0.160413971539457
"494",2,TRUE,TRUE,12,"B3",21,0.243243243243243,0.0281425891181989
"495",3,TRUE,TRUE,12,"B3",18,0.115384615384615,-0.107407407407407
"496",1,FALSE,TRUE,12,"B3",11,0.260869565217391,0.00382165605095538
"497",2,FALSE,TRUE,12,"B3",21,0.189189189189189,-0.0383536014967259
"498",3,FALSE,TRUE,12,"B3",18,0.192307692307692,-0.0705882352941176
"499",1,TRUE,FALSE,12,"B3",49,0.217391304347826,-0.0930693069306931
"500",2,TRUE,FALSE,12,"B3",49,0.216216216216216,-0.00374181478016839
"501",3,TRUE,FALSE,12,"B3",49,0.230769230769231,0.00763358778625951
"502",1,FALSE,FALSE,12,"B3",49,0.239130434782609,0.0104486785494776
"503",2,FALSE,FALSE,12,"B3",49,0.405405405405405,0.185185185185185
"504",3,FALSE,FALSE,12,"B3",49,0.269230769230769,0.0885608856088561
"505",1,TRUE,TRUE,13,"B3",11,0.195652173913043,-0.0684243565599498
"506",2,TRUE,TRUE,13,"B3",21,0.378378378378378,0.171372930866602
"507",3,TRUE,TRUE,13,"B3",18,0.192307692307692,0.00727272727272728
"508",1,FALSE,TRUE,13,"B3",11,0.304347826086957,0.0594249201277956
"509",2,FALSE,TRUE,13,"B3",21,0.216216216216216,-0.0357142857142857
"510",3,FALSE,TRUE,13,"B3",18,0.0769230769230769,-0.130434782608696
"511",1,TRUE,FALSE,13,"B3",49,0.217391304347826,-0.0816459830176356
"512",2,TRUE,FALSE,13,"B3",49,0.162162162162162,-0.106075216972035
"513",3,TRUE,FALSE,13,"B3",49,0.307692307692308,0.0714285714285714
"514",1,FALSE,FALSE,13,"B3",49,0.217391304347826,-0.0356472795497186
"515",2,FALSE,FALSE,13,"B3",49,0.216216216216216,-0.00374181478016839
"516",3,FALSE,FALSE,13,"B3",49,0.346153846153846,0.140077821011673
"517",1,TRUE,TRUE,14,"B3",11,0.304347826086957,0.0453955901426719
"518",2,TRUE,TRUE,14,"B3",21,0.162162162162162,-0.141293532338309
"519",3,TRUE,TRUE,14,"B3",18,0.384615384615385,0.166332665330661
"520",1,FALSE,TRUE,14,"B3",11,0.239130434782609,-0.0170562223626027
"521",2,FALSE,TRUE,14,"B3",21,0.216216216216216,0.0191956124314442
"522",3,FALSE,TRUE,14,"B3",18,0.230769230769231,0.0207156308851224
"523",1,TRUE,FALSE,14,"B3",49,0.217391304347826,-0.0494296577946768
"524",2,TRUE,FALSE,14,"B3",49,0.243243243243243,0.00192678227360305
"525",3,TRUE,FALSE,14,"B3",49,0.269230769230769,0.0554493307839388
"526",1,FALSE,FALSE,14,"B3",49,0.304347826086957,0.0251655629139073
"527",2,FALSE,FALSE,14,"B3",49,0.243243243243243,-0.0146914789422135
"528",3,FALSE,FALSE,14,"B3",49,0.230769230769231,-0.0196078431372549
"529",1,TRUE,TRUE,15,"B3",11,0.304347826086957,0.0472491909385113
"530",2,TRUE,TRUE,15,"B3",21,0.405405405405405,0.159958720330237
"531",3,TRUE,TRUE,15,"B3",18,0.269230769230769,0.037037037037037
"532",1,FALSE,TRUE,15,"B3",11,0.282608695652174,0.0237942122186494
"533",2,FALSE,TRUE,15,"B3",21,0.189189189189189,-0.0968379446640316
"534",3,FALSE,TRUE,15,"B3",18,0.230769230769231,-0.0633946830265849
"535",1,TRUE,FALSE,15,"B3",49,0.391304347826087,0.156516044531762
"536",2,TRUE,FALSE,15,"B3",49,0.162162162162162,-0.0820754716981132
"537",3,TRUE,FALSE,15,"B3",49,0.346153846153846,0.119521912350598
"538",1,FALSE,FALSE,15,"B3",49,0.260869565217391,0.00635324015247775
"539",2,FALSE,FALSE,15,"B3",49,0.108108108108108,-0.125345622119816
"540",3,FALSE,FALSE,15,"B3",49,0.423076923076923,0.23679060665362
"541",1,TRUE,TRUE,1,"C1",11,0.58695652173913,0.0672358591248668
"542",2,TRUE,TRUE,1,"C1",21,0.648648648648649,0.45772266065389
"543",1,FALSE,TRUE,1,"C1",11,0.58695652173913,0.0672358591248668
"544",2,FALSE,TRUE,1,"C1",21,0.648648648648649,0.45772266065389
"545",1,TRUE,FALSE,1,"C1",49,0.565217391304348,0
"546",2,TRUE,FALSE,1,"C1",49,0.567567567567568,0.227154046997389
"547",1,FALSE,FALSE,1,"C1",49,0.565217391304348,0
"548",2,FALSE,FALSE,1,"C1",49,0.567567567567568,0.227154046997389
"549",1,TRUE,TRUE,2,"C1",11,0.41304347826087,0.212428662016487
"550",2,TRUE,TRUE,2,"C1",21,0.594594594594595,0.356894553881808
"551",1,FALSE,TRUE,2,"C1",11,0.41304347826087,0.212428662016487
"552",2,FALSE,TRUE,2,"C1",21,0.594594594594595,0.356894553881808
"553",1,TRUE,FALSE,2,"C1",49,0.717391304347826,0.430476190476191
"554",2,TRUE,FALSE,2,"C1",49,0.243243243243243,0
"555",1,FALSE,FALSE,2,"C1",49,0.717391304347826,0.430476190476191
"556",2,FALSE,FALSE,2,"C1",49,0.243243243243243,0
"557",1,TRUE,TRUE,3,"C1",11,0.326086956521739,0.140963855421687
"558",2,TRUE,TRUE,3,"C1",21,0.27027027027027,0.0698324022346368
"559",1,FALSE,TRUE,3,"C1",11,0.326086956521739,0.140963855421687
"560",2,FALSE,TRUE,3,"C1",21,0.27027027027027,0.0698324022346368
"561",1,TRUE,FALSE,3,"C1",49,0.717391304347826,0.518518518518518
"562",2,TRUE,FALSE,3,"C1",49,0.648648648648649,0.340192043895748
"563",1,FALSE,FALSE,3,"C1",49,0.717391304347826,0.518518518518518
"564",2,FALSE,FALSE,3,"C1",49,0.648648648648649,0.340192043895748
"565",1,TRUE,TRUE,4,"C1",11,0.391304347826087,0.191969887076537
"566",2,TRUE,TRUE,4,"C1",21,0.189189189189189,0.0185676392572944
"567",1,FALSE,TRUE,4,"C1",11,0.391304347826087,0.191969887076537
"568",2,FALSE,TRUE,4,"C1",21,0.189189189189189,0.0185676392572944
"569",1,TRUE,FALSE,4,"C1",49,0.521739130434783,0.347096774193548
"570",2,TRUE,FALSE,4,"C1",49,0.162162162162162,-0.0105726872246696
"571",1,FALSE,FALSE,4,"C1",49,0.521739130434783,0.347096774193548
"572",2,FALSE,FALSE,4,"C1",49,0.162162162162162,-0.0105726872246696
"573",1,TRUE,TRUE,5,"C1",11,0.58695652173913,0.14481409001957
"574",2,TRUE,TRUE,5,"C1",21,0.351351351351351,0.173184357541899
"575",1,FALSE,TRUE,5,"C1",11,0.58695652173913,0.14481409001957
"576",2,FALSE,TRUE,5,"C1",21,0.351351351351351,0.173184357541899
"577",1,TRUE,FALSE,5,"C1",49,0.565217391304348,0
"578",2,TRUE,FALSE,5,"C1",49,0.432432432432432,0.177777777777778
"579",1,FALSE,FALSE,5,"C1",49,0.565217391304348,0
"580",2,FALSE,FALSE,5,"C1",49,0.432432432432432,0.177777777777778
"581",1,TRUE,TRUE,6,"C1",11,0.652173913043478,0.255060728744939
"582",2,TRUE,TRUE,6,"C1",21,0.594594594594595,0.414556962025316
"583",1,FALSE,TRUE,6,"C1",11,0.652173913043478,0.255060728744939
"584",2,FALSE,TRUE,6,"C1",21,0.594594594594595,0.414556962025316
"585",1,TRUE,FALSE,6,"C1",49,0.630434782608696,0.234833659491194
"586",2,TRUE,FALSE,6,"C1",49,0.756756756756757,0.612339930151339
"587",1,FALSE,FALSE,6,"C1",49,0.630434782608696,0.234833659491194
"588",2,FALSE,FALSE,6,"C1",49,0.756756756756757,0.612339930151339
"589",1,TRUE,TRUE,7,"C1",11,0.260869565217391,0.0679380214541121
"590",2,TRUE,TRUE,7,"C1",21,0.297297297297297,0.109259259259259
"591",1,FALSE,TRUE,7,"C1",11,0.260869565217391,0.0679380214541121
"592",2,FALSE,TRUE,7,"C1",21,0.297297297297297,0.109259259259259
"593",1,TRUE,FALSE,7,"C1",49,0.304347826086957,0.102439024390244
"594",2,TRUE,FALSE,7,"C1",49,0.243243243243243,0.00861244019138751
"595",1,FALSE,FALSE,7,"C1",49,0.304347826086957,0.102439024390244
"596",2,FALSE,FALSE,7,"C1",49,0.243243243243243,0.00861244019138751
"597",1,TRUE,TRUE,8,"C1",11,0.673913043478261,0.437194127243067
"598",2,TRUE,TRUE,8,"C1",21,0.594594594594595,0.368600682593857
"599",1,FALSE,TRUE,8,"C1",11,0.673913043478261,0.437194127243067
"600",2,FALSE,TRUE,8,"C1",21,0.594594594594595,0.368600682593857
"601",1,TRUE,FALSE,8,"C1",49,0.58695652173913,0.0672358591248668
"602",2,TRUE,FALSE,8,"C1",49,0.405405405405405,0.150313152400835
"603",1,FALSE,FALSE,8,"C1",49,0.58695652173913,0.0672358591248668
"604",2,FALSE,FALSE,8,"C1",49,0.405405405405405,0.150313152400835
"605",1,TRUE,TRUE,9,"C1",11,0.565217391304348,0
"606",2,TRUE,TRUE,9,"C1",21,0.459459459459459,0.283639883833495
"607",1,FALSE,TRUE,9,"C1",11,0.565217391304348,0
"608",2,FALSE,TRUE,9,"C1",21,0.459459459459459,0.283639883833495
"609",1,TRUE,FALSE,9,"C1",49,0.565217391304348,0
"610",2,TRUE,FALSE,9,"C1",49,0.351351351351351,0.112
"611",1,FALSE,FALSE,9,"C1",49,0.565217391304348,0
"612",2,FALSE,FALSE,9,"C1",49,0.351351351351351,0.112
"613",1,TRUE,TRUE,10,"C1",11,0.543478260869565,0.357712765957447
"614",2,TRUE,TRUE,10,"C1",21,0.243243243243243,0.0590372388737511
"615",1,FALSE,TRUE,10,"C1",11,0.543478260869565,0.357712765957447
"616",2,FALSE,TRUE,10,"C1",21,0.243243243243243,0.0590372388737511
"617",1,TRUE,FALSE,10,"C1",49,0.630434782608696,0.241513094083414
"618",2,TRUE,FALSE,10,"C1",49,0.432432432432432,0.223776223776224
"619",1,FALSE,FALSE,10,"C1",49,0.630434782608696,0.241513094083414
"620",2,FALSE,FALSE,10,"C1",49,0.432432432432432,0.223776223776224
"621",1,TRUE,TRUE,11,"C1",11,0.195652173913043,0
"622",2,TRUE,TRUE,11,"C1",21,0.405405405405405,0.222540592168099
"623",1,FALSE,TRUE,11,"C1",11,0.195652173913043,0
"624",2,FALSE,TRUE,11,"C1",21,0.405405405405405,0.222540592168099
"625",1,TRUE,FALSE,11,"C1",49,0.434782608695652,0.0993975903614458
"626",2,TRUE,FALSE,11,"C1",49,0.540540540540541,0.30726872246696
"627",1,FALSE,FALSE,11,"C1",49,0.434782608695652,0.0993975903614458
"628",2,FALSE,FALSE,11,"C1",49,0.540540540540541,0.30726872246696
"629",1,TRUE,TRUE,12,"C1",11,0.41304347826087,0.219849246231156
"630",2,TRUE,TRUE,12,"C1",21,0.432432432432432,0.240469208211144
"631",1,FALSE,TRUE,12,"C1",11,0.41304347826087,0.219849246231156
"632",2,FALSE,TRUE,12,"C1",21,0.432432432432432,0.240469208211144
"633",1,TRUE,FALSE,12,"C1",49,0.673913043478261,0.356943150046598
"634",2,TRUE,FALSE,12,"C1",49,0.297297297297297,0.0767754318618042
"635",1,FALSE,FALSE,12,"C1",49,0.673913043478261,0.356943150046598
"636",2,FALSE,FALSE,12,"C1",49,0.297297297297297,0.0767754318618042
"637",1,TRUE,TRUE,13,"C1",11,0.652173913043478,0.255060728744939
"638",2,TRUE,TRUE,13,"C1",21,0.189189189189189,0.0185676392572944
"639",1,FALSE,TRUE,13,"C1",11,0.652173913043478,0.255060728744939
"640",2,FALSE,TRUE,13,"C1",21,0.189189189189189,0.0185676392572944
"641",1,TRUE,FALSE,13,"C1",49,0.565217391304348,0.089108910891089
"642",2,TRUE,FALSE,13,"C1",49,0.243243243243243,0.0547445255474453
"643",1,FALSE,FALSE,13,"C1",49,0.565217391304348,0.089108910891089
"644",2,FALSE,FALSE,13,"C1",49,0.243243243243243,0.0547445255474453
"645",1,TRUE,TRUE,14,"C1",11,0.326086956521739,0.144571085782843
"646",2,TRUE,TRUE,14,"C1",21,0.27027027027027,0.0741427247451344
"647",1,FALSE,TRUE,14,"C1",11,0.326086956521739,0.144571085782843
"648",2,FALSE,TRUE,14,"C1",21,0.27027027027027,0.0741427247451344
"649",1,TRUE,FALSE,14,"C1",49,0.456521739130435,0.231283422459893
"650",2,TRUE,FALSE,14,"C1",49,0.486486486486487,-0.0461309523809524
"651",1,FALSE,FALSE,14,"C1",49,0.456521739130435,0.231283422459893
"652",2,FALSE,FALSE,14,"C1",49,0.486486486486487,-0.0461309523809524
"653",1,TRUE,TRUE,15,"C1",11,0.673913043478261,0.386120996441281
"654",2,TRUE,TRUE,15,"C1",21,0.243243243243243,0.0666666666666667
"655",1,FALSE,TRUE,15,"C1",11,0.673913043478261,0.386120996441281
"656",2,FALSE,TRUE,15,"C1",21,0.243243243243243,0.0666666666666667
"657",1,TRUE,FALSE,15,"C1",49,0.565217391304348,0
"658",2,TRUE,FALSE,15,"C1",49,0.594594594594595,0.18141592920354
"659",1,FALSE,FALSE,15,"C1",49,0.565217391304348,0
"660",2,FALSE,FALSE,15,"C1",49,0.594594594594595,0.18141592920354
"661",1,TRUE,TRUE,1,"C2",11,0.58695652173913,0.0672358591248668
"662",2,TRUE,TRUE,1,"C2",21,0.216216216216216,0.0350719424460431
"663",1,FALSE,TRUE,1,"C2",11,0.58695652173913,0.0672358591248668
"664",2,FALSE,TRUE,1,"C2",21,0.216216216216216,0.0350719424460431
"665",1,TRUE,FALSE,1,"C2",49,0.565217391304348,0
"666",2,TRUE,FALSE,1,"C2",49,0.378378378378378,0.171372930866602
"667",1,FALSE,FALSE,1,"C2",49,0.565217391304348,0
"668",2,FALSE,FALSE,1,"C2",49,0.378378378378378,0.171372930866602
"669",1,TRUE,TRUE,2,"C2",11,0.41304347826087,0.212428662016487
"670",2,TRUE,TRUE,2,"C2",21,0.378378378378378,0.192599620493359
"671",1,FALSE,TRUE,2,"C2",11,0.41304347826087,0.212428662016487
"672",2,FALSE,TRUE,2,"C2",21,0.378378378378378,0.192599620493359
"673",1,TRUE,FALSE,2,"C2",49,0.717391304347826,0.430476190476191
"674",2,TRUE,FALSE,2,"C2",49,0.351351351351351,0.152671755725191
"675",1,FALSE,FALSE,2,"C2",49,0.717391304347826,0.430476190476191
"676",2,FALSE,FALSE,2,"C2",49,0.351351351351351,0.152671755725191
"677",1,TRUE,TRUE,3,"C2",11,0.326086956521739,0.140963855421687
"678",2,TRUE,TRUE,3,"C2",21,0.324324324324324,0.138733705772812
"679",1,FALSE,TRUE,3,"C2",11,0.326086956521739,0.140963855421687
"680",2,FALSE,TRUE,3,"C2",21,0.324324324324324,0.138733705772812
"681",1,TRUE,FALSE,3,"C2",49,0.717391304347826,0.518518518518518
"682",2,TRUE,FALSE,3,"C2",49,0.297297297297297,0.109259259259259
"683",1,FALSE,FALSE,3,"C2",49,0.717391304347826,0.518518518518518
"684",2,FALSE,FALSE,3,"C2",49,0.297297297297297,0.109259259259259
"685",1,TRUE,TRUE,4,"C2",11,0.391304347826087,0.191969887076537
"686",2,TRUE,TRUE,4,"C2",21,0.594594594594595,0
"687",1,FALSE,TRUE,4,"C2",11,0.391304347826087,0.191969887076537
"688",2,FALSE,TRUE,4,"C2",21,0.594594594594595,0
"689",1,TRUE,FALSE,4,"C2",49,0.521739130434783,0.347096774193548
"690",2,TRUE,FALSE,4,"C2",49,0.594594594594595,0
"691",1,FALSE,FALSE,4,"C2",49,0.521739130434783,0.347096774193548
"692",2,FALSE,FALSE,4,"C2",49,0.594594594594595,0
"693",1,TRUE,TRUE,5,"C2",11,0.58695652173913,0.14481409001957
"694",2,TRUE,TRUE,5,"C2",21,0.189189189189189,0.0185676392572944
"695",1,FALSE,TRUE,5,"C2",11,0.58695652173913,0.14481409001957
"696",2,FALSE,TRUE,5,"C2",21,0.189189189189189,0.0185676392572944
"697",1,TRUE,FALSE,5,"C2",49,0.565217391304348,0
"698",2,TRUE,FALSE,5,"C2",49,0.27027027027027,0.089334548769371
"699",1,FALSE,FALSE,5,"C2",49,0.565217391304348,0
"700",2,FALSE,FALSE,5,"C2",49,0.27027027027027,0.089334548769371
"701",1,TRUE,TRUE,6,"C2",11,0.652173913043478,0.255060728744939
"702",2,TRUE,TRUE,6,"C2",21,0.297297297297297,0.122262773722628
"703",1,FALSE,TRUE,6,"C2",11,0.652173913043478,0.255060728744939
"704",2,FALSE,TRUE,6,"C2",21,0.297297297297297,0.122262773722628
"705",1,TRUE,FALSE,6,"C2",49,0.630434782608696,0.234833659491194
"706",2,TRUE,FALSE,6,"C2",49,0.297297297297297,0.0614634146341463
"707",1,FALSE,FALSE,6,"C2",49,0.630434782608696,0.234833659491194
"708",2,FALSE,FALSE,6,"C2",49,0.297297297297297,0.0614634146341463
"709",1,TRUE,TRUE,7,"C2",11,0.260869565217391,0.0679380214541121
"710",2,TRUE,TRUE,7,"C2",21,0.486486486486487,-0.141233766233766
"711",1,FALSE,TRUE,7,"C2",11,0.260869565217391,0.0679380214541121
"712",2,FALSE,TRUE,7,"C2",21,0.486486486486487,-0.141233766233766
"713",1,TRUE,FALSE,7,"C2",49,0.304347826086957,0.102439024390244
"714",2,TRUE,FALSE,7,"C2",49,0.486486486486487,-0.135702746365105
"715",1,FALSE,FALSE,7,"C2",49,0.304347826086957,0.102439024390244
"716",2,FALSE,FALSE,7,"C2",49,0.486486486486487,-0.135702746365105
"717",1,TRUE,TRUE,8,"C2",11,0.673913043478261,0.437194127243067
"718",2,TRUE,TRUE,8,"C2",21,0.216216216216216,0.0350719424460431
"719",1,FALSE,TRUE,8,"C2",11,0.673913043478261,0.437194127243067
"720",2,FALSE,TRUE,8,"C2",21,0.216216216216216,0.0350719424460431
"721",1,TRUE,FALSE,8,"C2",49,0.58695652173913,0.0672358591248668
"722",2,TRUE,FALSE,8,"C2",49,0.189189189189189,0.0168290522586359
"723",1,FALSE,FALSE,8,"C2",49,0.58695652173913,0.0672358591248668
"724",2,FALSE,FALSE,8,"C2",49,0.189189189189189,0.0168290522586359
"725",1,TRUE,TRUE,9,"C2",11,0.565217391304348,0
"726",2,TRUE,TRUE,9,"C2",21,0.621621621621622,0.0880281690140844
"727",1,FALSE,TRUE,9,"C2",11,0.565217391304348,0
"728",2,FALSE,TRUE,9,"C2",21,0.621621621621622,0.0880281690140844
"729",1,TRUE,FALSE,9,"C2",49,0.565217391304348,0
"730",2,TRUE,FALSE,9,"C2",49,0.621621621621622,0.0880281690140844
"731",1,FALSE,FALSE,9,"C2",49,0.565217391304348,0
"732",2,FALSE,FALSE,9,"C2",49,0.621621621621622,0.0880281690140844
"733",1,TRUE,TRUE,10,"C2",11,0.543478260869565,0.357712765957447
"734",2,TRUE,TRUE,10,"C2",21,0.324324324324324,0.0777666999002991
"735",1,FALSE,TRUE,10,"C2",11,0.543478260869565,0.357712765957447
"736",2,FALSE,TRUE,10,"C2",21,0.324324324324324,0.0777666999002991
"737",1,TRUE,FALSE,10,"C2",49,0.630434782608696,0.241513094083414
"738",2,TRUE,FALSE,10,"C2",49,0.324324324324324,0.106280193236715
"739",1,FALSE,FALSE,10,"C2",49,0.630434782608696,0.241513094083414
"740",2,FALSE,FALSE,10,"C2",49,0.324324324324324,0.106280193236715
"741",1,TRUE,TRUE,11,"C2",11,0.195652173913043,0
"742",2,TRUE,TRUE,11,"C2",21,0.567567567567568,-0.00851788756388438
"743",1,FALSE,TRUE,11,"C2",11,0.195652173913043,0
"744",2,FALSE,TRUE,11,"C2",21,0.567567567567568,-0.00851788756388438
"745",1,TRUE,FALSE,11,"C2",49,0.434782608695652,0.0993975903614458
"746",2,TRUE,FALSE,11,"C2",49,0.567567567567568,-0.00851788756388438
"747",1,FALSE,FALSE,11,"C2",49,0.434782608695652,0.0993975903614458
"748",2,FALSE,FALSE,11,"C2",49,0.567567567567568,-0.00851788756388438
"749",1,TRUE,TRUE,12,"C2",11,0.41304347826087,0.219849246231156
"750",2,TRUE,TRUE,12,"C2",21,0.243243243243243,0.0607434270172257
"751",1,FALSE,TRUE,12,"C2",11,0.41304347826087,0.219849246231156
"752",2,FALSE,TRUE,12,"C2",21,0.243243243243243,0.0607434270172257
"753",1,TRUE,FALSE,12,"C2",49,0.673913043478261,0.356943150046598
"754",2,TRUE,FALSE,12,"C2",49,0.243243243243243,0.0658250676284941
"755",1,FALSE,FALSE,12,"C2",49,0.673913043478261,0.356943150046598
"756",2,FALSE,FALSE,12,"C2",49,0.243243243243243,0.0658250676284941
"757",1,TRUE,TRUE,13,"C2",11,0.652173913043478,0.255060728744939
"758",2,TRUE,TRUE,13,"C2",21,0.594594594594595,0.192139737991266
"759",1,FALSE,TRUE,13,"C2",11,0.652173913043478,0.255060728744939
"760",2,FALSE,TRUE,13,"C2",21,0.594594594594595,0.192139737991266
"761",1,TRUE,FALSE,13,"C2",49,0.565217391304348,0.089108910891089
"762",2,TRUE,FALSE,13,"C2",49,0.540540540540541,0.125173852573018
"763",1,FALSE,FALSE,13,"C2",49,0.565217391304348,0.089108910891089
"764",2,FALSE,FALSE,13,"C2",49,0.540540540540541,0.125173852573018
"765",1,TRUE,TRUE,14,"C2",11,0.326086956521739,0.144571085782843
"766",2,TRUE,TRUE,14,"C2",21,0.162162162162162,0
"767",1,FALSE,TRUE,14,"C2",11,0.326086956521739,0.144571085782843
"768",2,FALSE,TRUE,14,"C2",21,0.162162162162162,0
"769",1,TRUE,FALSE,14,"C2",49,0.456521739130435,0.231283422459893
"770",2,TRUE,FALSE,14,"C2",49,0.189189189189189,0.0185676392572944
"771",1,FALSE,FALSE,14,"C2",49,0.456521739130435,0.231283422459893
"772",2,FALSE,FALSE,14,"C2",49,0.189189189189189,0.0185676392572944
"773",1,TRUE,TRUE,15,"C2",11,0.673913043478261,0.386120996441281
"774",2,TRUE,TRUE,15,"C2",21,0.27027027027027,0.00398803589232304
"775",1,FALSE,TRUE,15,"C2",11,0.673913043478261,0.386120996441281
"776",2,FALSE,TRUE,15,"C2",21,0.27027027027027,0.00398803589232304
"777",1,TRUE,FALSE,15,"C2",49,0.565217391304348,0
"778",2,TRUE,FALSE,15,"C2",49,0.405405405405405,0.0864197530864197
"779",1,FALSE,FALSE,15,"C2",49,0.565217391304348,0
"780",2,FALSE,FALSE,15,"C2",49,0.405405405405405,0.0864197530864197
